在厩,アーバンスター,牡,タニノギムレット,アーバンライナー,ジェニュイン,,保坂　和孝,美浦,池上昌弘,中川　隆,2013/04/17,北海道サマーセール,3996000,地獄モード対象馬,,,2015/06/05
在厩,アイアンアヴァロン,牝,キャプテントゥーレ,アイアンゴールド,マイネルラヴ,,池上　一馬,栗東,坪憲章,グローリーファーム,2013/04/17,,,地獄モード対象馬,,,2015/06/05
在厩,アイシーザライト,牝,スズカフェニックス,メイショウバッコス,スピニングワールド,エンジェルロード,高橋ファーム,栗東,湯窪幸雄,赤石牧場,2013/02/28,北海道オータムセール,1620000,地獄モード対象馬,,,2015/06/05
在厩,アイファーヴリル,牡,ヴリル,マグノリア,サツカーボーイ,アイファーファルコ,中島　稔,栗東,飯田雄三,野表　篤夫,2013/03/18,,,地獄モード対象馬,,,2015/06/05
在厩,アイファーチェリー,牝,テレグノシス,アイファークィーン,ナリタブライアン,アイファーマシェリ,中島　稔,栗東,坪憲章,静内山田牧場,2013/03/30,,,地獄モード対象馬,,,2015/06/05
在厩,アウズ,牡,ジャングルポケット,ヒカルアンクレット,アグネスタキオン,,杉澤　光雄,栗東,鈴木孝志,カミイスタット,2013/04/11,,,地獄モード対象馬,,,2015/06/05
在厩,アグネスヒーロー,牡,ディープスカイ,アグネスピュア,ティンバーカントリー,アグネスツイスター,渡辺　公美子,栗東,長浜博之,中神牧場,2013/05/09,,,地獄モード対象馬,,,2015/06/05
在厩,アグネスフェアリー,牝,ヴィクトワールピサ,アグネスラック,クロフネ,アグネスアーニャ,渡辺　公美子,栗東,長浜博之,社台ファーム,2013/03/24,,,地獄モード対象馬,,,2015/06/05
在厩,アグネスルコリエ,牝,プリサイスエンド,アグネスパンドラ,アグネスタキオン,,渡辺　公美子,栗東,長浜博之,中神牧場,2013/02/24,,,地獄モード対象馬,,,2015/06/05
在厩,アストラエンブレム,牡,ダイワメジャー,ブラックエンブレム,ウォーエンブレム,ブライトエンブレム,シルクレーシング,美浦,小島茂之,ノーザンファーム,2013/04/06,,,,一口馬主モード対象馬,シルクホースクラブ,2015/06/05
在厩,アズミノニフクカゼ,牡,ファルブラヴ,ドラマチックメリア,マンハッタンカフェ,,芳賀　克也,美浦,中野栄治,アイオイファーム,2013/04/18,,,地獄モード対象馬,,,2015/06/05
在厩,アツコ,牝,ワークフォース,シックファイター,ヘクタープロテクター,オリアーナ,由井　健太郎,美浦,尾関知人,豊洋牧場,2013/03/27,ＪＲＡブリーズアップセール,9180000,地獄モード対象馬,,,2015/06/05
在厩,アッテンツィオーネ,牡,タイキシャトル,モンタナ,マンハッタンカフェ,,森岡　幸人,美浦,矢野英一,高村　伸一,2013/04/03,ＪＲＡブリーズアップセール,17820000,地獄モード対象馬,,,2015/06/05
在厩,アッラサルーテ,牝,ダイワメジャー,ラタフィア,Cozzene,エピセアローム,吉田　勝己,美浦,手塚貴久,ノーザンファーム,2013/05/03,,,,,,2015/06/05
在厩,アドマイヤウェーブ,牝,ヴィクトワールピサ,ブランシュネージュ,サクラバクシンオー,ヴァイサーリッター,近藤　利一,美浦,戸田博文,ノーザンファーム,2013/03/25,セレクトセール,12960000,地獄モード対象馬,,,2015/06/05
在厩,アドマイヤデライト,牡,アドマイヤムーン,アドバンスクラーレ,サクラバクシンオー,,近藤　利一,栗東,梅田智之,幾千世牧場,2013/03/15,ＪＲＡブリーズアップセール,12960000,地獄モード対象馬,,,2015/06/05
在厩,アドマイヤムテキ,牡,ヴァーミリアン,セメイユドゥヴォン,Sadler's Wells,グッドスピリッツ,近藤　利一,栗東,中尾秀正,レイクヴィラファーム,2013/03/19,セレクトセール,18360000,地獄モード対象馬,,,2015/06/05
在厩,アドマイヤモラール,牡,キンシャサノキセキ,カツラドライバー,ニホンピロウイナー,エフティマイア,近藤　利一,美浦,上原博之,ノーザンファーム,2013/02/09,セレクトセール,19950000,地獄モード対象馬,,,2015/06/05
在厩,アドマイヤローレル,牡,シンボリクリスエス,デルフィニウム,フジキセキ,,近藤　利一,栗東,中尾秀正,ノーザンファーム,2013/02/21,セレクトセール,23100000,地獄モード対象馬,,,2015/06/05
在厩,アドルナメンテ,牝,ワークフォース,インディゴワルツ,サンデーサイレンス,,安原　浩司,栗東,須貝尚介,ノーザンファーム,2013/03/12,セレクトセール,21000000,地獄モード対象馬,,,2015/06/05
在厩,アナフィエル,牝,ワイルドラッシュ,ハギノルチェーレ,ダンスインザダーク,,ノースヒルズ,栗東,高橋康之,ノースヒルズ,2013/04/18,,,地獄モード対象馬,,,2015/06/05
在厩,アフェクテューズ,牡,ディープインパクト,オールウェイズウィリング,Elusive Quality,ショウナンアデラ,落合　幸弘,美浦,手塚貴久,下河辺牧場,2013/01/20,,,,,,2015/06/05
在厩,アポロノギンダン,牡,ロッコウオロシ,アポロファンタジー,Red Ransom,アポロドーロス,アポロサラブレッドクラブ,美浦,堀井雅広,前田　宗将,2013/03/31,,,地獄モード対象馬,,,2015/06/05
在厩,アポロノホウリン,牡,キンシャサノキセキ,アポロジャスミン,Saint Liam,アポロノシンザン,アポロサラブレッドクラブ,美浦,堀井雅広,天羽　禮治,2013/04/18,,,地獄モード対象馬,,,2015/06/05
在厩,アムールブラン,牝,マイネルラヴ,コスモカラーズ,クロフネ,,鈴木　芳夫,美浦,高橋祥泰,コスモヴューファーム,2013/01/26,,,地獄モード対象馬,,,2015/06/05
在厩,アヤノバンマツリ,牝,スウェプトオーヴァーボード,ガッダムブランシュ,ミュージックタイム,ショウナンダンク,神田　紘爾,美浦,相沢郁,神垣　道弘,2013/02/28,,,地獄モード対象馬,,,2015/06/05
在厩,アルゴノート,牡,ゴールドアリュール,タイトーク,Black Tie Affair,スタッドジェルラン,ノースヒルズ,栗東,安田隆行,鳥井牧場,2013/04/28,,,地獄モード対象馬,,,2015/06/05
在厩,アルマククナ,牝,マイネルラヴ,トップキララ,ステイゴールド,ティンホイッスル,コウトミックレーシング,美浦,中舘英二,大西ファーム,2013/04/17,,,地獄モード対象馬,,,2015/06/05
在厩,アレグロイモン,牝,ソングオブウインド,モルフェグラン,ニューイングランド,,井門　敏雄,美浦,松永康利,坂本　智広,2013/02/23,北海道オータムセール,1080000,地獄モード対象馬,,,2015/06/05
在厩,アンダーザサン,牡,トーセンファントム,トーセンスクリュー,フレンチデピュティ,,島川　隆哉,美浦,池上昌和,エスティファーム,2013/03/31,,,地獄モード対象馬,,,2015/06/05
在厩,アンデスコンドル,牡,アンライバルド,ラピカラ,Onward,エスタンシア,スピードファーム,美浦,佐藤吉勝,谷川牧場,2013/04/16,北海道サマーセール,2700000,地獄モード対象馬,,,2015/06/05
在厩,イーグルバイオ,牡,シンボリクリスエス,ケイパブルバイオ,ジェリ,アロウィーバイオ,バイオ,栗東,西浦勝一,清水牧場,2013/03/20,,,地獄モード対象馬,,,2015/06/05
在厩,イイデシロ,牝,ファルブラヴ,イイデサンドラ,サクラプレジデント,,アールエスエーカントリ,栗東,北出成人,山岡ファーム,2013/04/08,,,地獄モード対象馬,,,2015/06/05
在厩,イエスアイゲット,牝,トーセンファントム,トーセンジョウオー,ティンバーカントリー,トーセンセラヴィ,島川　隆哉,美浦,成島英春,エスティファーム,2013/03/25,,,地獄モード対象馬,,,2015/06/05
在厩,イエスウチダ,牝,ハーツクライ,ケイアイリュージン,グルームダンサー,エルドラゴン,内田　玄祥,美浦,星野忍,田中　裕之,2013/04/20,,,,,,2015/06/05
在厩,イチザアイバー,牝,スウェプトオーヴァーボード,ダークアイボリー,ダンスインザダーク,ボードメンバー,奈良崎　孝一郎,栗東,坪憲章,荒谷　輝和,2013/04/15,北海道サマーセール,1296000,地獄モード対象馬,,,2015/06/05
在厩,イノデライト,牡,フレンチデピュティ,ウインクルアーリー,Thunder Gulch,ジークジオン,井上　久光,美浦,柴田政人,猪野毛牧場,2013/04/01,北海道サマーセール,5400000,地獄モード対象馬,,,2015/06/05
在厩,インジャスティス,牡,ファルブラヴ,リトミックダンス,ダンスインザダーク,フォーエバーマーク,山本　英俊,美浦,藤沢和雄,社台ファーム,2013/02/27,,,地獄モード対象馬,,,2015/06/05
在厩,ウィズエモーション,牝,クロフネ,ミスアルダント,サンデーサイレンス,ミオリチャン,社台レースホース,美浦,栗田博憲,社台ファーム,2013/04/21,,,,一口馬主モード対象馬,社台サラブレッドクラブ,2015/06/05
在厩,ウインオスカー,牡,スクリーンヒーロー,グローリサンディ,エイシンサンディ,,ウイン,栗東,飯田雄三,中本牧場,2013/03/31,,,地獄モード対象馬,一口馬主モード対象馬,ウインレーシングクラブ,2015/06/05
在厩,ウイングラウベン,牡,ロージズインメイ,ベリーフ,スペシャルウィーク,,ウイン,美浦,松山将樹,コスモヴューファーム,2013/04/06,,,地獄モード対象馬,一口馬主モード対象馬,ウインレーシングクラブ,2015/06/05
在厩,ウインストアヘッド,牡,ヴァーミリアン,ガーデンスタイル,デヒア,,ウイン,美浦,清水英克,木村　秀則,2013/01/16,北海道サマーセール,5940000,地獄モード対象馬,一口馬主モード対象馬,ウインレーシングクラブ,2015/06/05
在厩,ウインバーニング,牡,ディープスカイ,シルクフレアー,Danzig,シルクヴェルリッツ,ウイン,美浦,武市康男,中本牧場,2013/03/20,北海道セレクションセール,6804000,地獄モード対象馬,一口馬主モード対象馬,ウインレーシングクラブ,2015/06/05
在厩,ウインファビラス,牝,ステイゴールド,サマーエタニティ,アドマイヤコジーン,,ウイン,美浦,畠山吉宏,コスモヴューファーム,2013/05/03,,,,一口馬主モード対象馬,ウインレーシングクラブ,2015/06/05
在厩,ウインフェルベール,牡,サウスヴィグラス,フェレット,サンデーサイレンス,ホクセツキングオー,ウイン,栗東,鮫島一歩,藤巻　則弘,2013/04/27,北海道サマーセール,4212000,地獄モード対象馬,一口馬主モード対象馬,ウインレーシングクラブ,2015/06/05
在厩,ウインプリマ,牝,メイショウボーラー,ケイアイダンサー,フォーティナイナー,ケイアイプログレス,ウイン,美浦,高橋祥泰,コスモヴューファーム,2013/02/19,,,地獄モード対象馬,一口馬主モード対象馬,ウインレーシングクラブ,2015/06/05
在厩,ウインミモザ,牝,ゴールドアリュール,スギノセンヒメ,フォーティナイナー,ケイアイテンジン,ウイン,美浦,金成貴史,乾　皆雄,2013/02/28,セレクトセール,8640000,地獄モード対象馬,一口馬主モード対象馬,ウインレーシングクラブ,2015/06/05
在厩,ウインミリアルド,牡,ヴァーミリアン,ウンビジョン,ラムタラ,,ウイン,美浦,和田正一,鎌田　正嗣,2013/02/10,,,地獄モード対象馬,一口馬主モード対象馬,ウインレーシングクラブ,2015/06/05
在厩,ウインランブル,牡,キンシャサノキセキ,オートキュイジーヌ,フレンチデピュティ,,ウイン,栗東,中村均,スガタ牧場,2013/01/12,,,地獄モード対象馬,一口馬主モード対象馬,ウインレーシングクラブ,2015/06/05
在厩,ヴェゼール,牡,パイロ,タケイチゼット,タバスコキャット,トーセンラーク,畑佐　博,栗東,河内洋,中神牧場,2013/02/18,,,地獄モード対象馬,,,2015/06/05
在厩,ヴェリタス,牝,サムライハート,ヒシヴェリタス,アドマイヤドン,,加治屋　貞光,美浦,竹内正洋,太陽ジョイフル牧場,2013/03/25,,,地獄モード対象馬,,,2015/06/05
在厩,ウェルノーテッド,牝,ドリームジャーニー,ティックルピンク,フレンチデピュティ,アキトクレッセント,安原　浩司,栗東,昆貢,辻　牧場,2013/04/08,,,地獄モード対象馬,,,2015/06/05
在厩,ウララ,牝,ニューイングランド,パールレディ,クロフネ,,吉澤　克己,栗東,森田直行,青南ムラカミファーム,2013/03/20,北海道サマーセール,1620000,地獄モード対象馬,,,2015/06/05
在厩,エールクリーガー,牡,トーセンイマジゲン,トーセンエール,リアルシヤダイ,エスティリメイク,島川　隆哉,美浦,小桧山悟,エスティファーム,2013/04/15,,,地獄モード対象馬,,,2015/06/05
在厩,エスペランサリュウ,牡,ベーカバド,ディクシーゴールド,ゴールドアリュール,,江上　幸隆,栗東,飯田雄三,中館牧場,2013/04/11,北海道サマーセール,3888000,地獄モード対象馬,,,2015/06/05
在厩,エテ,牝,Congrats,Forestier,Forestry,,西山　茂行,栗東,森秀行,Alan S. Kline Revocable Trust,2013/03/18,,,地獄モード対象馬,,,2015/06/05
在厩,エディブルフラワー,牝,ダノンゴーゴー,ビビ,ワカオライデン,カシノアポロン,山本　武司,栗東,服部利之,村山　光弘,2013/01/01,九州トレーニングセール,2700000,地獄モード対象馬,,,2015/06/05
在厩,エドノマツオー,牡,アグネスデジタル,フレンチムスメ,フレンチデピュティ,エドノプリンセス,遠藤　喜松,美浦,的場均,沖田　忠幸,2013/05/11,,,地獄モード対象馬,,,2015/06/05
在厩,エヌケイボーイ,牡,ネオユニヴァース,キボウ,サツカーボーイ,アルコシエロ,長谷川　兼美,美浦,菅原泰夫,畠山牧場,2013/03/29,,,地獄モード対象馬,,,2015/06/05
在厩,エネルタカオー,牡,ゼンノロブロイ,セイウンユウカ,トニービン,ニシノレイチェル,鈴木　康弘,美浦,小野次郎,ミリオンファーム,2013/03/19,ＪＲＡブリーズアップセール,10800000,,,,2015/06/05
在厩,エフディサンゼン,牝,マツリダゴッホ,フィールドボニータ,コロナドズクエスト,ポークチョップ,鈴木　照雄,美浦,菅原泰夫,前田　宗将,2013/03/21,,,地獄モード対象馬,,,2015/06/05
在厩,エポック,牡,ヴァーミリアン,セクシーザムライ,Deputy Minister,トップディーヴォ,吉澤　克己,栗東,角田晃一,三嶋牧場,2013/02/09,,,地獄モード対象馬,,,2015/06/05
在厩,エメラルキリシマ,牡,ファスリエフ,セトウチシャイン,スペシャルウィーク,エメラルウルトラ,高橋　勉,栗東,服部利之,吉野　政敏,2013/03/17,,,地獄モード対象馬,,,2015/06/05
在厩,エラクレーア,牝,Raven's Pass,Elle Gala,Galileo,,吉田　和美,美浦,木村哲也,Gestut Wittekindshof,2013/02/11,,,地獄モード対象馬,,,2015/06/05
在厩,エリープラチナ,牝,シニスターミニスター,フィエスタ,Unbridled's Song,オーブライツ,谷川　正純,美浦,石毛善彦,坂本　智広,2013/03/29,北海道サマーセール,1620000,地獄モード対象馬,,,2015/06/05
在厩,エリモグレイス,牡,ゼンノロブロイ,ラインステッチ,Fusaichi Pegasus,,山本　慎一,美浦,中野栄治,社台ファーム,2013/03/13,北海道オータムセール,3564000,,,,2015/06/05
在厩,エレーデ,牝,ディープインパクト,ローブデコルテ,Cozzene,スイートメドゥーサ,前田　幸治,栗東,松元茂樹,ノースヒルズ,2013/03/02,,,,,,2015/06/05
在厩,エンドレスフライト,牝,スターリングローズ,ディヴォーション,ゴールドヘイロー,,グリーンスウォード,美浦,竹内正洋,中橋　正,2013/04/20,,,地獄モード対象馬,,,2015/06/05
在厩,オープンユアアイズ,牝,ヴィクトワールピサ,アーヴェイ,Danehill Dancer,アンバーグリスキー,グリーンファーム,栗東,松田国英,社台ファーム,2013/03/06,,,地獄モード対象馬,一口馬主モード対象馬,グリーンファーム愛馬会,2015/06/05
在厩,オコルミラクル,牡,ファスリエフ,コパノジャーノー,エリシオ,コパノハリスン,スリースターズレーシング,美浦,田村康仁,西村　和夫,2013/03/30,北海道サマーセール,2160000,地獄モード対象馬,,,2015/06/05
在厩,オデュッセウス,牡,ファルブラヴ,ライツェント,スペシャルウィーク,,ユアストーリー,美浦,手塚貴久,ノーザンファーム,2013/03/08,セレクトセール,20520000,地獄モード対象馬,,,2015/06/05
在厩,オニニカナボー,牡,サムライハート,フェーヴ,Stravinsky,,西村　新一郎,美浦,天間昭一,高田　良一,2013/04/25,八戸市場,1620000,地獄モード対象馬,,,2015/06/05
在厩,オフクヒメ,牝,キンシャサノキセキ,シーソング,コマンダーインチーフ,,山田　裕仁,栗東,松下武士,金成吉田牧場,2013/03/22,,,地獄モード対象馬,,,2015/06/05
在厩,オレデヨケレバ,牡,ストーミングホーム,ブルーグラスローズ,Danzig,ハイフレンドステキ,ミルファーム,美浦,伊藤正徳,ヤマイチ牧場,2013/03/28,北海道サマーセール,2160000,地獄モード対象馬,,,2015/06/05
在厩,オンガエシ,牡,ダノンシャンティ,ヤマノオーロラ,タニノギムレット,,菅藤　宗一,栗東,木原一良,佐藤牧場,2013/03/19,北海道サマーセール,9720000,地獄モード対象馬,,,2015/06/05
在厩,ガーネットバローズ,牝,ファルブラヴ,パワーオブラブ,サンデーサイレンス,パワーウェーブ,猪熊　広次,美浦,奥村武,村本牧場,2013/04/10,北海道サマーセール,5508000,地獄モード対象馬,,,2015/06/05
在厩,ガールズティアラ,牝,カンパニー,ロドリコティアラ,ロドリゴデトリアーノ,サルバドールチーフ,岡田　繁幸,栗東,田所秀孝,村下　清志,2013/04/29,北海道オータムセール,2268000,地獄モード対象馬,,,2015/06/05
在厩,カイソクポリス,牡,メイショウサムソン,ピコピコハンマー,アグネスタキオン,,小田切　有一,栗東,田中章博,木村牧場,2013/03/31,,,地獄モード対象馬,,,2015/06/05
在厩,ガオガイリュイ,牡,ダンスインザダーク,タケデンプラザ,サクラバクシンオー,タケデンタイガー,スリースターズレーシング,美浦,田村康仁,つつみ牧場,2013/04/03,北海道サマーセール,3780000,地獄モード対象馬,,,2015/06/05
在厩,カシノアーニング,牡,アドマイヤムーン,エリザベススイート,ティンバーカントリー,,柏木　務,美浦,二本柳俊,白瀬　盛雄,2013/04/10,北海道サマーセール,6480000,地獄モード対象馬,,,2015/06/05
在厩,カシノエイシ,牡,エンパイアメーカー,カシノエスケイプ,スズカストリート,カシノランナウェイ,柏木　務,栗東,日吉正和,柏木　務,2013/03/19,,,地獄モード対象馬,,,2015/06/05
在厩,カジノクイーン,牝,カジノドライヴ,セドゥクティーバ,アグネスタキオン,,内藤　好江,美浦,中野栄治,内藤牧場,2013/05/07,,,地獄モード対象馬,,,2015/06/05
在厩,カシノグラン,牡,アサクサキングス,ロイヤルディナー,ブライアンズタイム,ドリームクラウン,柏木　務,栗東,藤沢則雄,谷藤　弘美,2013/03/13,北海道サマーセール,3564000,地獄モード対象馬,,,2015/06/05
在厩,カシノスナイパー,牡,キンシャサノキセキ,エムオービクトリー,マイネルラヴ,ダークフィラメント,柏木　務,美浦,二本柳俊,片岡　博,2013/04/26,北海道サマーセール,2592000,地獄モード対象馬,,,2015/06/05
在厩,カズノメガミ,牝,ダノンシャンティ,スリーダイメンションズ,Sadler's Wells,ディープフィールド,鈴木　可一,美浦,尾形充弘,レイクヴィラファーム,2013/02/23,北海道サマーセール,5400000,地獄モード対象馬,,,2015/06/05
在厩,カゼノカムイ,牡,マイネルラヴ,ジュエルシャネル,アグネスワールド,,菅原　広隆,美浦,根本康広,荒谷牧場,2013/03/29,,,地獄モード対象馬,,,2015/06/05
在厩,カタオモイ,牝,ゴールドヘイロー,エンジェルフェザー,ボストンハーバー,,ミルファーム,美浦,南田美知,ミルファーム,2013/03/21,,,地獄モード対象馬,,,2015/06/05
在厩,カトルラポール,牝,グラスワンダー,スポーティングラダー,Danzig,イエスマイダーリン,石井　義孝,美浦,浅野洋一,浜本牧場,2013/04/27,,,地獄モード対象馬,,,2015/06/05
在厩,カノヤルジャンドル,牝,クロフネ,カノヤトップレディ,キングヘイロー,,神田　薫,栗東,坂口正則,浜本牧場,2013/04/28,,,,,,2015/06/05
在厩,カマクラ,牝,シンボリクリスエス,フロイラインローゼ,アドマイヤベガ,,市川　義美,美浦,戸田博文,ノーザンファーム,2013/05/09,,,地獄モード対象馬,,,2015/06/05
在厩,カメリエーレ,牡,トーセンファントム,アンジェロファニー,Honour and Glory,キービスケット,島川　隆哉,美浦,古賀史生,エスティファーム,2013/02/06,,,地獄モード対象馬,,,2015/06/05
在厩,カラカ,牝,ブラックタイド,ミスソヴリン,ワカオライデン,ボナンザ,平岡　茂樹,美浦,谷原義明,平岡牧場,2013/03/15,,,,,,2015/06/05
在厩,カリーナアスター,牝,トーセンイマジゲン,トーセンヘレネー,シンボリクリスエス,,島川　隆哉,美浦,成島英春,エスティファーム,2013/04/06,,,地獄モード対象馬,,,2015/06/05
在厩,カリスマフォンテン,牝,カリズマティック,ナッシュビル,スペシャルウィーク,,吉橋　計,美浦,石毛善彦,清水スタッド,2013/05/03,,,地獄モード対象馬,,,2015/06/05
在厩,ガンコ,牡,ナカヤマフェスタ,シングアップロック,Singspiel,,杉澤　光雄,栗東,松元茂樹,前谷　武志,2013/03/12,,,地獄モード対象馬,,,2015/06/05
在厩,カンタベリームシャ,牡,ブラックタキシード,ユーセイシャイニー,マークオブディスティンクション,モリトラヴ,峰　哲馬,美浦,星野忍,藤吉牧場,2013/04/20,,,地獄モード対象馬,,,2015/06/05
在厩,キーロフ,牡,ファスリエフ,スタートラッカー,サンデーサイレンス,,吉川　朋宏,美浦,竹内正洋,須崎牧場,2013/03/21,ＪＲＡブリーズアップセール,5940000,地獄モード対象馬,,,2015/06/05
在厩,キキズブルーム,牝,ディープスカイ,アナステーシア,ソヴィエトスター,マンハッタンヘンジ,加藤　徹,美浦,浅野洋一,大狩部牧場,2013/04/29,,,地獄モード対象馬,,,2015/06/05
在厩,キタイチサクラ,牝,ハービンジャー,ウインゼフィール,サンデーサイレンス,,小関　昭次,栗東,矢作芳人,村上　欽哉,2013/03/31,北海道サマーセール,8856000,,,,2015/06/05
在厩,キタノイチジョー,牡,クロフネ,イチノヤジョウ,アジュディケーティング,センキ,河内　孝夫,美浦,相沢郁,中地　康弘,2013/03/26,,,,,,2015/06/05
在厩,キチロクステージ,牡,ローレルゲレイロ,ステージワンスモア,タニノギムレット,,山本　正美,美浦,二本柳俊,競優牧場,2013/02/13,ＪＲＡブリーズアップセール,8640000,地獄モード対象馬,,,2015/06/05
在厩,キャプテンペリー,牡,クロフネ,メイグレイス,ネオユニヴァース,,千明牧場,美浦,岩戸孝樹,千明牧場,2013/04/15,,,,,,2015/06/05
在厩,キラパワー,牡,トーホウエンペラー,ジュリア,メイセイオペラ,,山口　正行,栗東,福島信晴,中神牧場,2013/03/28,北海道サマーセール,2700000,地獄モード対象馬,,,2015/06/05
在厩,キングラディウス,牡,キングカメハメハ,アドマイヤカグラ,スペシャルウィーク,アドマイヤナイト,菅原　広隆,栗東,羽月友彦,新冠橋本牧場,2013/01/23,,,,,,2015/06/05
在厩,ギンゴー,牡,キャプテントゥーレ,シルクスパイシー,ダンシングブレーヴ,,ミルファーム,美浦,武市康男,田原橋本牧場,2013/03/19,北海道サマーセール,2700000,地獄モード対象馬,,,2015/06/05
在厩,ギンザマトリックス,牡,ジャングルポケット,ギンザクイーンビー,フレンチデピュティ,,有馬　博文,美浦,水野貴広,高昭牧場,2013/04/08,,,地獄モード対象馬,,,2015/06/05
在厩,クインズクオーツ,牡,デュランダル,アンドモアアゲイン,Distorted Humor,クインズラピス,クイーンズ・ランチ,美浦,尾形充弘,松田牧場,2013/05/06,,,地獄モード対象馬,,,2015/06/05
在厩,クインズマーキュリ,牡,キングヘイロー,ハートフルメロディ,チーフベアハート,シャインストーン,クイーンズ・ランチ,美浦,和田正道,三石川上牧場,2013/03/13,北海道セレクションセール,14040000,地獄モード対象馬,,,2015/06/05
在厩,クインダム,牝,クロフネ,キクノフェアリー,アグネスタキオン,,西村　憲人,栗東,目野哲也,鮫川　啓一,2013/05/14,北海道サマーセール,3240000,,,,2015/06/05
在厩,クードヴァン,牝,ディープインパクト,マイネヌーヴェル,ブライアンズタイム,マイネルヴェルス,サラブレッドクラブ・ラフィアン,美浦,鹿戸雄一,ビッグレッドファーム,2013/03/09,,,,一口馬主モード対象馬,ラフィアンターフマンクラブ,2015/06/05
在厩,クードラパン,牝,ダイワメジャー,ルシルク,Dynaformer,グランシルク,シルクレーシング,美浦,久保田貴,ノーザンファーム,2013/04/28,,,,一口馬主モード対象馬,シルクホースクラブ,2015/06/05
在厩,クールゲンノスケ,牡,フレンチデピュティ,ビクトリアメーク,ラストタイクーン,クールジョジョ,川上　哲司,栗東,目野哲也,沖田　博志,2013/05/26,,,地獄モード対象馬,,,2015/06/05
在厩,クールヒョウマ,牡,ゼンノロブロイ,プリマートビコー,エルコンドルパサー,,川上　哲司,栗東,目野哲也,村上　欽哉,2013/04/28,北海道オータムセール,3240000,,,,2015/06/05
在厩,クナウ,牝,シンボリクリスエス,フラワーブリーズ,フェアジャッジメント,カシマフラワー,北島牧場,美浦,松山将樹,北島牧場,2013/02/11,,,地獄モード対象馬,,,2015/06/05
在厩,クライシス,牡,ネオユニヴァース,スウィートデジャヴ,Seeking the Gold,トロンプルイユ,前田　幸治,栗東,鮫島一歩,ノースヒルズ,2013/04/28,,,地獄モード対象馬,,,2015/06/05
在厩,クラウンエイトドア,牡,グラスワンダー,ミラクルラブ,サンデーサイレンス,,矢野　恭裕,美浦,栗田徹,今川　満良,2013/05/07,八戸市場,2484000,地獄モード対象馬,,,2015/06/05
在厩,クラウンコルデーロ,牡,ワイルドラッシュ,タニノピカンテ,カーネギー,ヒュームウッド,クラウン,栗東,北出成人,北島牧場,2013/04/06,北海道セレクションセール,14580000,地獄モード対象馬,,,2015/06/05
在厩,クラウンスカイ,牡,メイショウボーラー,アオゾラ,ムーンバラッド,,クラウン,美浦,小野次郎,ヒカル牧場,2013/04/02,,,地獄モード対象馬,,,2015/06/05
在厩,クラウンドジャック,牝,ヴィクトワールピサ,ゴールデンジャック,Afleet,サイドワインダー,協栄,栗東,加用正,タバタファーム,2013/03/13,,,地獄モード対象馬,,,2015/06/05
在厩,クラウンホイール,牡,カジノドライヴ,コンコースクイーン,フジキセキ,コスモグラマラス,矢野　恭裕,美浦,天間昭一,土井牧場,2013/03/11,北海道サマーセール,3888000,地獄モード対象馬,,,2015/06/05
在厩,クラウンムーン,牝,アドマイヤムーン,ヒシシンエイ,スペシャルウィーク,メイプルレジェンド,クラウン,美浦,菊川正達,カミイスタット,2013/03/08,北海道サマーセール,4752000,地獄モード対象馬,,,2015/06/05
在厩,グラスウォリアー,牡,キャプテントゥーレ,グラスブロード,Fusaichi Pegasus,ミルキーブロード,半沢,美浦,牧光二,静内フジカワ牧場,2013/03/22,,,地獄モード対象馬,,,2015/06/05
在厩,グランアルバス,牡,シンボリクリスエス,マルハチリプリー,バブルガムフェロー,スマートエビデンス,飯田　訓大,栗東,森秀行,本間牧場,2013/03/09,,,地獄モード対象馬,,,2015/06/05
在厩,グランクリューピサ,牝,ヴィクトワールピサ,テールトゥノーズ,ノーザンテースト,マッドマックス,村田　哲朗,美浦,尾形和幸,城地　和義,2013/03/26,ＪＲＡブリーズアップセール,4860000,地獄モード対象馬,,,2015/06/05
在厩,グランセブルス,牡,カネヒキリ,ピュアパッション,ブライアンズタイム,ミキノウインク,飯田　訓大,栗東,森秀行,坂本　智広,2013/05/13,,,地獄モード対象馬,,,2015/06/05
在厩,グリーンバシリスク,牝,サウスヴィグラス,ユーワオトメ,ナリタブライアン,ノープロブレム,石瀬　浩三,美浦,武井亮,ムラカミファーム,2013/03/07,,,地獄モード対象馬,,,2015/06/05
在厩,クリスタルガーデン,牝,トワイニング,ピースオブラック,ステイゴールド,,田頭　勇貴,美浦,武藤善則,大川牧場,2013/05/03,北海道サマーセール,2926800,地獄モード対象馬,,,2015/06/05
在厩,クリスタルスカル,牡,ファルブラヴ,ナスカ,サンデーサイレンス,アロマティコ,サンデーレーシング,美浦,高柳瑞樹,ノーザンファーム,2013/03/24,,,地獄モード対象馬,一口馬主モード対象馬,サンデーサラブレッドクラブ,2015/06/05
在厩,クリノアルハンブラ,牝,ロドリゴデトリアーノ,スプリングダイアナ,メリーナイス,ドクトルバロン,栗本　博晴,美浦,高市圭二,イズモリファーム,2013/05/08,八戸市場,756000,地獄モード対象馬,,,2015/06/05
在厩,クリノアローハ,牝,ゴールドアリュール,キソティックラヴ,ブライアンズタイム,ラヴソースウィート,栗本　博晴,栗東,谷潔,村田牧場,2013/03/21,北海道オータムセール,3564000,地獄モード対象馬,,,2015/06/05
在厩,クリノカルカソンヌ,牡,ワークフォース,ユニバーサル,ブライアンズタイム,エリモフローラ,栗本　博晴,栗東,須貝尚介,様似渡辺牧場,2013/05/15,,,地獄モード対象馬,,,2015/06/05
在厩,クリノシャンボール,牡,ネオユニヴァース,ゲッコウ,キングカメハメハ,,栗本　博晴,栗東,川村禎彦,水上　習孝,2013/04/01,北海道サマーセール,5400000,地獄モード対象馬,,,2015/06/05
在厩,クリノセゴビア,牝,ゼンノロブロイ,クリームパフ,ブライアンズタイム,クリノイザナミ,栗本　博晴,栗東,川村禎彦,様似渡辺牧場,2013/04/07,,,,,,2015/06/05
在厩,クリノリトミシュル,牝,アグネスデジタル,ツルマルミホ,ネオユニヴァース,,栗本　博晴,栗東,武田博,宝寄山　忠則,2013/03/30,,,地獄モード対象馬,,,2015/06/05
在厩,グリマープリンセス,牝,マンハッタンカフェ,ミッションヒルズ,アグネスデジタル,アヴァール,ザ・ヒルズ,美浦,牧光二,チャンピオンズファーム,2013/04/26,,,,,,2015/06/05
在厩,クリムゾンバローズ,牡,ゴールドアリュール,ドーニングストーム,Storm Cat,トミケンクッカ,猪熊　広次,美浦,尾形和幸,須崎牧場,2013/02/23,北海道セレクションセール,11340000,地獄モード対象馬,,,2015/06/05
在厩,クリンクリン,牡,ゴールドヘイロー,マイラヴユアラヴ,Josr Algarhoud,,スリースターズレーシング,美浦,黒岩陽一,大作ステーブル,2013/04/01,,,地獄モード対象馬,,,2015/06/05
在厩,グリントオブライト,牝,ステイゴールド,アドマイヤライト,Kris S.,プロフェッショナル,サンデーレーシング,美浦,戸田博文,ノーザンファーム,2013/02/24,,,,一口馬主モード対象馬,サンデーサラブレッドクラブ,2015/06/05
在厩,グレートヒット,牡,サウスヴィグラス,シラタマ,ロドリゴデトリアーノ,ゼンザイ,黒川　哲美,美浦,武井亮,ハクツ牧場,2013/04/15,ＪＲＡブリーズアップセール,16200000,地獄モード対象馬,,,2015/06/05
在厩,グロウインザダーク,牡,ダンスインザダーク,ダークエンディング,End Sweep,ラヴィアンクレール,社台レースホース,美浦,鈴木伸尋,社台ファーム,2013/05/05,,,地獄モード対象馬,一口馬主モード対象馬,社台サラブレッドクラブ,2015/06/05
在厩,グロースハック,牡,メイショウボーラー,タイムトゥラン,ブライアンズタイム,スリータイタン,小田　吉男,栗東,森秀行,グランド牧場,2013/03/24,北海道オータムセール,2160000,地獄モード対象馬,,,2015/06/05
在厩,クロースフレンド,牝,サウスヴィグラス,マルカフレンドリー,サンデーサイレンス,サトノバセロン,吉田　照哉,栗東,高橋亮,社台ファーム,2013/04/28,,,地獄モード対象馬,,,2015/06/05
在厩,クロコ,牝,スクリーンヒーロー,トーホウローマン,Hennessy,トーホウシンバル,臼井　義太郎,美浦,天間昭一,竹島　幸治,2013/04/18,北海道サマーセール,2160000,地獄モード対象馬,,,2015/06/05
在厩,クロコスミア,牝,ステイゴールド,デヴェロッペ,ボストンハーバー,ニーマルジョイ,ディアレスト,栗東,西浦勝一,小島牧場,2013/05/17,,,,,,2015/06/05
在厩,ゲンパチタッチ,牡,ハーツクライ,ケイアイエリザベス,フレンチデピュティ,セイカプリコーン,平野　武志,美浦,萱野浩二,三石橋本牧場,2013/04/30,,,,,,2015/06/05
在厩,コウエイテンマ,牡,カジノドライヴ,プリモピアット,ミルジヨージ,ダイメイザクラ,西岡　静男,栗東,川村禎彦,中田　浩美,2013/04/14,北海道サマーセール,5616000,地獄モード対象馬,,,2015/06/05
在厩,コージェント,牡,ファスリエフ,ラフォルトゥナ,サンデーサイレンス,ウインラーニッド,水上　行雄,栗東,羽月友彦,笠松牧場,2013/04/11,,,地獄モード対象馬,,,2015/06/05
在厩,コーディネーター,牡,クロフネ,クロンヌドール,アグネスタキオン,,岡　浩二,栗東,鈴木孝志,スカイビーチステーブル,2013/04/04,,,,,,2015/06/05
在厩,ゴールドラッシュ,牡,キングカメハメハ,ラティール,タマモクロス,ヒットザターゲット,前田　晋二,栗東,池江泰寿,ノースヒルズ,2013/03/16,,,,,,2015/06/05
在厩,ゴールドレイ,牡,ゴールドアリュール,インコグニート,Gone West,カグニザント,サンデーレーシング,美浦,田中剛,追分ファーム,2013/02/11,,,地獄モード対象馬,一口馬主モード対象馬,サンデーサラブレッドクラブ,2015/06/05
在厩,ゴシックロマン,牡,トーセンファントム,トーセンレベッカ,ゼンノロブロイ,,島川　隆哉,美浦,小桧山悟,エスティファーム,2013/04/12,,,地獄モード対象馬,,,2015/06/05
在厩,コスモブランカ,牡,キングヘイロー,アラブランカ,ディアブロ,,岡田　繁幸,美浦,中舘英二,長田ファーム,2013/03/29,北海道サマーセール,2700000,地獄モード対象馬,,,2015/06/05
在厩,コスモフレンチ,牡,フレンチデピュティ,プンターレ,ブラックタキシード,,ビッグレッドファーム,美浦,岩戸孝樹,高橋　義浩,2013/05/01,北海道サマーセール,2160000,地獄モード対象馬,,,2015/06/05
在厩,ゴッドカリビアン,牝,ベーカバド,オメガカリビアン,フレンチデピュティ,オヤコダカ,中西　憲治,栗東,角田晃一,森永　聡,2013/04/28,,,地獄モード対象馬,,,2015/06/05
在厩,コットンパール,牝,カネヒキリ,パールブライダル,シャンハイ,サスティナブル,ミルファーム,美浦,高市圭二,前野牧場,2013/05/04,北海道サマーセール,1080000,地獄モード対象馬,,,2015/06/05
在厩,コドウ,牝,ジャングルポケット,バーガンディレッド,Star de Naskra,トーセンナスクラ,島川　隆哉,美浦,菅原泰夫,エスティファーム,2013/03/27,,,地獄モード対象馬,,,2015/06/05
在厩,コパデグレース,牝,タイキシャトル,ネバーグレイス,スキャターザゴールド,,小林　祐介,栗東,宮徹,岡田牧場,2013/02/16,北海道オータムセール,3024000,地獄モード対象馬,,,2015/06/05
在厩,コパノリスボン,牡,ゴールドアリュール,バックアタック,アグネスデジタル,,小林　祥晃,栗東,村山明,伊藤　敏明,2013/03/14,,,地獄モード対象馬,,,2015/06/05
在厩,ゴブレット,牝,ホワイトマズル,カクテル,Most Welcome,マウントフジ,那須野牧場,栗東,宮本博,恵比寿興業株式会社那須野牧場,2013/04/08,,,地獄モード対象馬,,,2015/06/05
在厩,コラージェン,牡,タニノギムレット,フロイデタンツェン,ストローズクリーク,フロイデシューネル,ノースヒルズ,美浦,小笠倫弘,タガミファーム,2013/05/09,北海道サマーセール,6048000,地獄モード対象馬,,,2015/06/05
在厩,コラッジョーゾ,牡,シンボリクリスエス,ハイビスカス,ハウスバスター,,荒井　壽明,栗東,柴田光陽,サンシャイン牧場,2013/05/08,,,地獄モード対象馬,,,2015/06/05
在厩,コルコバード,牝,ステイゴールド,エンシェントヒル,エンドスウィープ,ノッティングヒル,キャロットファーム,美浦,木村哲也,ノーザンファーム,2013/03/06,,,,一口馬主モード対象馬,キャロットクラブ,2015/06/05
在厩,コンフィアンサ,牡,シンボリクリスエス,コンコルディア,フジキセキ,カピトリヌス,吉田　勝己,栗東,今野貞一,社台コーポレーション白老ファーム,2013/02/04,,,地獄モード対象馬,,,2015/06/05
在厩,サグラダファミリア,牝,ローエングリン,エイシンガンマ,ミシエロ,ハナズフレイム,山上　和良,栗東,崎山博樹,築紫　洋,2013/03/27,北海道サマーセール,1080000,地獄モード対象馬,,,2015/06/05
在厩,サクレメジャー,牡,ダイワメジャー,ミセススノー,Singspiel,フェイブルネージュ,Ｋ．Ｓ．ヤップ,栗東,村山明,社台コーポレーション白老ファーム,2013/01/09,セレクトセール,43200000,,,,2015/06/05
在厩,ササメユキ,牝,ファルブラヴ,アイラインローザー,バブルガムフェロー,グランプリナイト,石川　達絵,栗東,松下武士,川端　英幸,2013/03/12,北海道サマーセール,2160000,地獄モード対象馬,,,2015/06/05
在厩,サトノオマージュ,牡,ダイワメジャー,マックスイマージュ,Tiznow,,里見　治,美浦,古賀慎明,千代田牧場,2013/03/25,,,,,,2015/06/05
在厩,サトノベリーニ,牝,キングカメハメハ,ピサノベネチアン,サンデーサイレンス,サトノパンサー,里見　治,栗東,須貝尚介,フジワラフアーム,2013/03/31,,,,,,2015/06/05
在厩,サニーヴィクトリー,牡,ハービンジャー,スリリングヴィクトリー,Event of the Year,トーセンセカイオー,島川　隆哉,美浦,上原博之,秋田牧場,2013/02/11,,,,,,2015/06/05
在厩,サプールコンゴ,牡,キンシャサノキセキ,スイートクラフティ,Crafty Prospector,,上野　直樹,美浦,菅原泰夫,シンボリ牧場,2013/05/17,北海道セレクションセール,6480000,地獄モード対象馬,,,2015/06/05
在厩,サフランナイト,牡,メイショウボーラー,サフランルーデンス,タヤスツヨシ,,海原　聖一,美浦,高橋義博,高橋　啓,2013/05/13,,,地獄モード対象馬,,,2015/06/05
在厩,サムライ,牡,ダイワメジャー,ガッビア,Montjeu,ロックキャンディ,Ｂａｓｉｃ,美浦,畠山吉宏,佐藤牧場,2013/04/26,,,,,,2015/06/05
在厩,サムライダマシー,牡,サムライハート,アサクサロータス,フサイチコンコルド,,西村　新一郎,美浦,蛯名利弘,田原橋本牧場,2013/04/05,,,地獄モード対象馬,,,2015/06/05
在厩,サラゴールド,牝,パイロ,ミンドゥルレ,カコイーシーズ,ミンドゥルレキル,村山　忠弘,美浦,根本康広,白瀬　盛雄,2013/05/07,北海道サマーセール,1404000,地獄モード対象馬,,,2015/06/05
在厩,サラザン,牡,ハーツクライ,エービーヌードル,Alphabet Soup,セコンドピアット,社台レースホース,栗東,須貝尚介,社台ファーム,2013/03/20,,,,一口馬主モード対象馬,社台サラブレッドクラブ,2015/06/05
在厩,サラマンカ,牝,ダノンシャンティ,ガバーナ,Polish Precedent,ガーヴィ,Ｐ．Ｓ．スライ,栗東,浜田多実,レイクヴィラファーム,2013/04/10,セレクトセール,5400000,地獄モード対象馬,,,2015/06/05
在厩,サルドナ,牝,キングカメハメハ,ラシャルマンテ,Indygo Shiner,カレンマタドール,寺田　寿男,栗東,中内田充,ノーザンファーム,2013/01/30,セレクトセール,58320000,,,,2015/06/05
在厩,サンカーニー,牝,キャプテントゥーレ,エヴァソーマッチ,アフリート,,加藤　信之,美浦,高橋文雅,米田　和子,2013/04/10,北海道オータムセール,1620000,地獄モード対象馬,,,2015/06/05
在厩,サンゴーハム,牡,アドマイヤマックス,スイートミーシャ,ダンスホール,シンボリマーズ,加藤　信之,美浦,菊川正達,シンボリ牧場,2013/02/19,北海道オータムセール,2160000,地獄モード対象馬,,,2015/06/05
在厩,サンジーニアス,牡,バトルプラン,メモラブルワーズ,バブルガムフェロー,ブレーヴクン,加藤　貴子,美浦,新開幸一,丸幸小林牧場,2013/05/05,北海道サマーセール,2808000,地獄モード対象馬,,,2015/06/05
在厩,サンストックトン,牡,アサクサデンエン,フェリスホイール,ダンスインザダーク,,加藤　信之,美浦,萱野浩二,大北牧場,2013/02/20,北海道サマーセール,2268000,地獄モード対象馬,,,2015/06/05
在厩,サンドルトン,牝,カネヒキリ,ダノンクラフト,クロフネ,,加藤　信之,美浦,小野次郎,仲野牧場,2013/05/23,北海道オータムセール,1728000,地獄モード対象馬,,,2015/06/05
在厩,サンホッブズ,牡,メイショウサムソン,パピュラ,ブライアンズタイム,メイショウポピュラ,加藤　信之,美浦,中舘英二,日の出牧場,2013/04/07,北海道オータムセール,1080000,地獄モード対象馬,,,2015/06/05
在厩,サンライフル,牡,キングヘイロー,ホシノテンビー,テンビー,サンデンバー,加藤　信之,美浦,的場均,樋渡　志尚,2013/04/30,,,地獄モード対象馬,,,2015/06/05
在厩,ジーベロニカ,牝,キングカメハメハ,パーシャンブルー,サンデーサイレンス,オリオンザジャパン,グランプリ,栗東,飯田祐史,武　牧場,2013/03/27,北海道オータムセール,12600000,,,,2015/06/05
在厩,シェアード,牡,アドマイヤオーラ,シルクシルエット,ブライアンズタイム,シゲルサクランボ,伊東　純一,美浦,牧光二,静内フジカワ牧場,2013/04/08,,,地獄モード対象馬,,,2015/06/05
在厩,ジェネレーション,牡,タニノギムレット,ミラクルロンド,フジキセキ,カプリチオーソ,ミルファーム,美浦,的場均,社台ファーム,2013/03/28,北海道オータムセール,2160000,地獄モード対象馬,,,2015/06/05
在厩,ジェラシー,牝,ハービンジャー,グローリアスデイズ,サンデーサイレンス,ハートフルデイズ,近藤　英子,美浦,菊沢隆徳,ノーザンファーム,2013/04/16,,,,,,2015/06/05
在厩,ジェントルハート,牝,ダイワメジャー,レスレクシオン,Mt. Livermore,スターマイン,前田　晋二,栗東,佐々木晶,ノースヒルズ,2013/02/19,,,,,,2015/06/05
在厩,シゲルアカカマス,牡,ジャングルポケット,ケストレルクエスト,Silver Hawk,,森中　蕃,栗東,日吉正和,ミリオンファーム,2013/04/06,北海道サマーセール,2700000,地獄モード対象馬,,,2015/06/05
在厩,シゲルアカメバル,牝,ファスリエフ,シゲルホープ,フレンチデピュティ,,森中　蕃,栗東,服部利之,中村　雅明,2013/03/04,,,地獄モード対象馬,,,2015/06/05
在厩,シゲルオキサワラ,牡,トワイニング,ショウナンカグラ,アジュディケーティング,キングダムキング,森中　蕃,栗東,柴田光陽,中地　義次,2013/04/26,北海道サマーセール,1620000,地獄モード対象馬,,,2015/06/05
在厩,シゲルオニカマス,牡,バゴ,トップアクトレス,テイエムオペラオー,,森中　蕃,栗東,鈴木孝志,宮内牧場,2013/03/24,北海道サマーセール,5400000,地獄モード対象馬,,,2015/06/05
在厩,シゲルカマス,牝,ファスリエフ,シゲルアサヒダケ,ネオユニヴァース,,森中　蕃,栗東,日吉正和,前田牧場,2013/03/06,,,地獄モード対象馬,,,2015/06/05
在厩,シゲルキツネダイ,牡,アドマイヤオーラ,テイルオブロマンス,Tale of the Cat,プレミアムパス,森中　蕃,美浦,伊藤正徳,藤本牧場,2013/02/23,北海道オータムセール,2203200,地獄モード対象馬,,,2015/06/05
在厩,シゲルクロダイ,牡,パイロ,シゲルコラバ,ハンセル,シゲルフクブチョウ,森中　蕃,美浦,伊藤圭三,千葉飯田牧場,2013/03/30,,,地獄モード対象馬,,,2015/06/05
在厩,シゲルゴマサバ,牝,ファスリエフ,シゲルラブスカイ,ボストンハーバー,シゲルツルザ,森中　蕃,栗東,柴田政見,中央牧場,2013/05/08,,,地獄モード対象馬,,,2015/06/05
在厩,シゲルサワラ,牡,カンパニー,ペプチドプレシャス,スペシャルウィーク,,森中　蕃,栗東,柴田光陽,中地　義次,2013/04/11,北海道サマーセール,1620000,地獄モード対象馬,,,2015/06/05
在厩,シゲルサンマ,牡,ファスリエフ,シゲルバツグン,ジェニュイン,シゲルイチジク,森中　蕃,栗東,飯田祐史,高山　博,2013/03/19,,,地獄モード対象馬,,,2015/06/05
